{"cameraMode":{"drawMode":0,"name":"Shaded","section":"Shading Mode"},"sceneLighting":true,"audioPlay":false,"sceneViewState":{"m_AlwaysRefresh":false,"showFog":true,"showSkybox":true,"showFlares":true,"showImageEffects":true,"showParticleSystems":true,"showVisualEffectGraphs":true,"m_FxEnabled":true},"in2DMode":false,"pivot":{"x":86.39114379882813,"y":-438.060302734375,"z":489.68829345703127},"rotation":{"x":0.46069303154945376,"y":0.017092997208237649,"z":-0.008387981913983822,"w":0.8862083554267883},"size":535.2742919921875,"orthographic":false}